Statistic,p-value
0.44957149028778076,1.9747970619876654e-12
