Quarter,stars
Winter,3.7879577362860037
Spring,3.8148713060057196
Summer,3.804930441898527
Fall,3.7825132613865007
